title,content,user_id,pin_image,, 
징그러,곤충1,1,https://wecodeproject.s3.ap-northeast-2.amazonaws.com/bug_1.jpg,, 
곤충2,징그러,2,https://wecodeproject.s3.ap-northeast-2.amazonaws.com/bug_2.jpg,, 
징그러,곤충3,3,https://wecodeproject.s3.ap-northeast-2.amazonaws.com/bug_3.jpg,, 
곤충4,징그러,4,https://wecodeproject.s3.ap-northeast-2.amazonaws.com/bug_4.jpg,, 
징그러,곤충5,5,https://wecodeproject.s3.ap-northeast-2.amazonaws.com/bug_5.jpg,, 
곤충6,징그러,6,https://wecodeproject.s3.ap-northeast-2.amazonaws.com/bug_6.jpg,, 
징그러,곤충7,7,https://wecodeproject.s3.ap-northeast-2.amazonaws.com/bug_7.jpg,, 
곤충8,징그러,8,https://wecodeproject.s3.ap-northeast-2.amazonaws.com/bug_8.jpg,, 
징그러,곤충9,9,https://wecodeproject.s3.ap-northeast-2.amazonaws.com/bug_9.jpg,, 
곤충10,벌레끝,10,https://wecodeproject.s3.ap-northeast-2.amazonaws.com/bug_10.jpg,, 
기여워,고양이1,11,https://wecodeproject.s3.ap-northeast-2.amazonaws.com/cat_1.jpeg,, 
고양이2,기여워,12,https://wecodeproject.s3.ap-northeast-2.amazonaws.com/cat_2.jpeg,, 
기여워,고양이3,13,https://wecodeproject.s3.ap-northeast-2.amazonaws.com/cat_3.jpeg,, 
고양이4,기여워,14,https://wecodeproject.s3.ap-northeast-2.amazonaws.com/cat_4.jpeg,, 
기여워,고양이5,15,https://wecodeproject.s3.ap-northeast-2.amazonaws.com/cat_5.jpeg,, 
고양이6,기여워,16,https://wecodeproject.s3.ap-northeast-2.amazonaws.com/cat_6.jpeg,, 
기여워,고양이7,17,https://wecodeproject.s3.ap-northeast-2.amazonaws.com/cat_7.jpeg,, 
고양이8,기여워,18,https://wecodeproject.s3.ap-northeast-2.amazonaws.com/cat_8.jpeg,, 
기여워,고양이9,19,https://wecodeproject.s3.ap-northeast-2.amazonaws.com/cat_9.jpeg,, 
고양이10,기여워,20,https://wecodeproject.s3.ap-northeast-2.amazonaws.com/cat_10.jpeg,, 
강아지1,반복되고 강조되는 소리는 ,21,https://wecodeproject.s3.ap-northeast-2.amazonaws.com/dog_1.jpg,, 
반복되고 강조되는 소리는 ,강아지2,22,https://wecodeproject.s3.ap-northeast-2.amazonaws.com/dog_2.jpg,, 
강아지3,반복되고 강조되는 소리는 ,23,https://wecodeproject.s3.ap-northeast-2.amazonaws.com/dog_3.jpg,, 
반복되고 강조되는 소리는 ,강아지4,24,https://wecodeproject.s3.ap-northeast-2.amazonaws.com/dog_4.jpg,, 
강아지5,좋아,25,https://wecodeproject.s3.ap-northeast-2.amazonaws.com/dog_5.jpg,, 
반복되고 강조되는 소리는 ,강아지6,26,https://wecodeproject.s3.ap-northeast-2.amazonaws.com/dog_6.jpg,, 
강아지7,반복되고 강조되는 소리는 ,27,https://wecodeproject.s3.ap-northeast-2.amazonaws.com/dog_7.jpg,, 
반복되고 강조되는 소리는 ,강아지8,28,https://wecodeproject.s3.ap-northeast-2.amazonaws.com/dog_8.jpg,, 
강아지9,반복되고 강조되는 소리는 ,29,https://wecodeproject.s3.ap-northeast-2.amazonaws.com/dog_9.jpg,, 
반복되고 강조되는 소리는 ,강아지10,30,https://wecodeproject.s3.ap-northeast-2.amazonaws.com/dog_10.jpg,, 
패션왕1,간지난다,31,https://wecodeproject.s3.ap-northeast-2.amazonaws.com/fashion_1.jpg,, 
간지난다,패션왕2,32,https://wecodeproject.s3.ap-northeast-2.amazonaws.com/fashion_2.jpg,, 
패션왕3,좋음,33,https://wecodeproject.s3.ap-northeast-2.amazonaws.com/fashion_3.jpg,, 
간지난다,패션왕4,34,https://wecodeproject.s3.ap-northeast-2.amazonaws.com/fashion_4.jpg,, 
패션왕5,틀딱인가요,35,https://wecodeproject.s3.ap-northeast-2.amazonaws.com/fashion_5.jpg,, 
간지난다,패션왕6,36,https://wecodeproject.s3.ap-northeast-2.amazonaws.com/fashion_6.jpg,, 
패션왕7,간지난다,37,https://wecodeproject.s3.ap-northeast-2.amazonaws.com/fashion_7.jpg,, 
간지난다,패션왕8,38,https://wecodeproject.s3.ap-northeast-2.amazonaws.com/fashion_8.jpg,, 
패션왕9,간지난다,1,https://wecodeproject.s3.ap-northeast-2.amazonaws.com/fashion_9.jpg,,
간지난다,패션왕10,2,https://wecodeproject.s3.ap-northeast-2.amazonaws.com/fashion_10.jpg,,
음식1,소주먹자,3,https://wecodeproject.s3.ap-northeast-2.amazonaws.com/food_1.jpeg,,
소주먹자,음식2,4,https://wecodeproject.s3.ap-northeast-2.amazonaws.com/food_2.jpeg,,
음식3,소주먹자,5,https://wecodeproject.s3.ap-northeast-2.amazonaws.com/food_3.jpeg,,
소주먹자,음식4,6,https://wecodeproject.s3.ap-northeast-2.amazonaws.com/food_4.jpeg,,
음식5,소주먹자,7,https://wecodeproject.s3.ap-northeast-2.amazonaws.com/food_5.jpeg,,
소주먹자,음식6,8,https://wecodeproject.s3.ap-northeast-2.amazonaws.com/food_6.jpeg,,
음식7,소주먹자,9,https://wecodeproject.s3.ap-northeast-2.amazonaws.com/food_7.jpeg,,
소주먹자,음식8,10,https://wecodeproject.s3.ap-northeast-2.amazonaws.com/food_8.jpeg,,
음식9,소주먹자,11,https://wecodeproject.s3.ap-northeast-2.amazonaws.com/food_9.jpeg,,
소주먹자,음식10,12,https://wecodeproject.s3.ap-northeast-2.amazonaws.com/food_10.jpeg,,
게임1,그님티?,13,https://wecodeproject.s3.ap-northeast-2.amazonaws.com/game_1.jpg,,
그님티?,게임2,14,https://wecodeproject.s3.ap-northeast-2.amazonaws.com/game_2.jpg,,
게임3,그님티?,15,https://wecodeproject.s3.ap-northeast-2.amazonaws.com/game_3.png,,
그님티?,게임4,16,https://wecodeproject.s3.ap-northeast-2.amazonaws.com/game_4.jpeg,,
게임5,그님티?,17,https://wecodeproject.s3.ap-northeast-2.amazonaws.com/game_5.jpeg,,
그님티?,게임6,18,https://wecodeproject.s3.ap-northeast-2.amazonaws.com/game_6.jpg,,
게임7,그님티?,19,https://wecodeproject.s3.ap-northeast-2.amazonaws.com/game_7.jpg,,
그님티?,게임8,20,https://wecodeproject.s3.ap-northeast-2.amazonaws.com/game_8.jpg,,
게임9,골딱이,21,https://wecodeproject.s3.ap-northeast-2.amazonaws.com/game_9.png,,
그님티?,게임10,22,https://wecodeproject.s3.ap-northeast-2.amazonaws.com/game_10.jpg,,
영화1,영화관비싸,23,https://wecodeproject.s3.ap-northeast-2.amazonaws.com/movie_1.png,,
영화관비싸,영화2,24,https://wecodeproject.s3.ap-northeast-2.amazonaws.com/movie_2.jpeg,,
영화3,영화관비싸,25,https://wecodeproject.s3.ap-northeast-2.amazonaws.com/movie_3.png,,
영화관비싸,영화4,26,https://wecodeproject.s3.ap-northeast-2.amazonaws.com/movie_4.jpg,,
영화5,영화관비싸,27,https://wecodeproject.s3.ap-northeast-2.amazonaws.com/movie_5.jpg,,
영화관비싸,영화6,28,https://wecodeproject.s3.ap-northeast-2.amazonaws.com/movie_6.jpg,,
영화7,영화관비싸,29,https://wecodeproject.s3.ap-northeast-2.amazonaws.com/movie_7.jpg,,
영화관비싸,영화8,30,https://wecodeproject.s3.ap-northeast-2.amazonaws.com/movie_8.png,,
영화9,영화관비싸,31,https://wecodeproject.s3.ap-northeast-2.amazonaws.com/movie_9.jpeg,,
캬라멜팝콘머곡시프,영화10,32,https://wecodeproject.s3.ap-northeast-2.amazonaws.com/movie_10.gif,,
풍경1,너무좋고,33,https://wecodeproject.s3.ap-northeast-2.amazonaws.com/scenary_1.jpg,,
놀러가고 싶다,풍경2,34,https://wecodeproject.s3.ap-northeast-2.amazonaws.com/scenary_2.jpg,,
풍경3,너무좋고,35,https://wecodeproject.s3.ap-northeast-2.amazonaws.com/scenary_3.jpg,,
놀러가고 싶다,풍경4,36,https://wecodeproject.s3.ap-northeast-2.amazonaws.com/scenary_4.jpg,,
풍경5,너무좋고,37,https://wecodeproject.s3.ap-northeast-2.amazonaws.com/scenary_5.jpg,,
놀러가고 싶다,풍경6,38,https://wecodeproject.s3.ap-northeast-2.amazonaws.com/scenary_6.jpg,,
풍경7,너무좋고,1,https://wecodeproject.s3.ap-northeast-2.amazonaws.com/scenary_7.jpg,,
놀러가고 싶다,풍경8,2,https://wecodeproject.s3.ap-northeast-2.amazonaws.com/scenary_8.jpg,,
풍경9,너무좋고,3,https://wecodeproject.s3.ap-northeast-2.amazonaws.com/scenary_9.jpg,,
놀러가고 싶다,풍경10,4,https://wecodeproject.s3.ap-northeast-2.amazonaws.com/scenary_10.jpg,,
가을하늘1,공활한데,5,https://wecodeproject.s3.ap-northeast-2.amazonaws.com/sky_1.jpg,,
높고 구름없이,가을하늘2,6,https://wecodeproject.s3.ap-northeast-2.amazonaws.com/sky_2.jpg,,
가을하늘3,공활한데,7,https://wecodeproject.s3.ap-northeast-2.amazonaws.com/sky_3.jpg,,
높고구름없이,가을하늘4,8,https://wecodeproject.s3.ap-northeast-2.amazonaws.com/sky_4.jpg,,
가을하늘5,공활한데,9,https://wecodeproject.s3.ap-northeast-2.amazonaws.com/sky_5.jpg,,
높고구름없이,가을하늘6,10,https://wecodeproject.s3.ap-northeast-2.amazonaws.com/sky_6.jpg,,
가을하늘7,공활한데,11,https://wecodeproject.s3.ap-northeast-2.amazonaws.com/sky_7.jpg,,
높고구름없이,가을하늘8,12,https://wecodeproject.s3.ap-northeast-2.amazonaws.com/sky_8.jpg,,
가을하늘9,공활한데,13,https://wecodeproject.s3.ap-northeast-2.amazonaws.com/sky_9.jpg,,
높고구름없이,가을하늘10,14,https://wecodeproject.s3.ap-northeast-2.amazonaws.com/sky_10.jpg,,
건축물1,사줘,15,https://wecodeproject.s3.ap-northeast-2.amazonaws.com/structure_1.jpg,,
로또1등제발,건축물2,16,https://wecodeproject.s3.ap-northeast-2.amazonaws.com/structure_2.jpg,,
건축물3,사줘,17,https://wecodeproject.s3.ap-northeast-2.amazonaws.com/structure_3.jpg,,
로또1등제발,건축물4,18,https://wecodeproject.s3.ap-northeast-2.amazonaws.com/structure_4.jpg,,
건축물5,사줘,19,https://wecodeproject.s3.ap-northeast-2.amazonaws.com/structure_5.jpg,,
로또1등제발,건축물6,20,https://wecodeproject.s3.ap-northeast-2.amazonaws.com/structure_6.jpg,,
건축물7,사줘,21,https://wecodeproject.s3.ap-northeast-2.amazonaws.com/structure_7.jpg,,
로또1등제발,건축물8,22,https://wecodeproject.s3.ap-northeast-2.amazonaws.com/structure_8.jpg,,
건축물9,사줘,23,https://wecodeproject.s3.ap-northeast-2.amazonaws.com/structure_9.jpg,,
로또1등제발,건축물10,24,https://wecodeproject.s3.ap-northeast-2.amazonaws.com/structure_10.jpg,,